{"1": "startseq", "2": "endseq", "3": "in", "4": "the", "5": "on", "6": "dog", "7": "is", "8": "with", "9": "and", "10": "of", "11": "man", "12": "two", "13": "girl", "14": "black", "15": "boy", "16": "white", "17": "woman", "18": "water", "19": "to", "20": "are", "21": "brown", "22": "red", "23": "wearing", "24": "at", "25": "young", "26": "an", "27": "people", "28": "dogs", "29": "little", "30": "playing", "31": "ball", "32": "blue", "33": "grass", "34": "his", "35": "running", "36": "standing", "37": "child", "38": "through", "39": "down", "40": "small", "41": "shirt", "42": "walking", "43": "while", "44": "front", "45": "sitting", "46": "jumping", "47": "snow", "48": "field", "49": "over", "50": "person", "51": "street", "52": "large", "53": "yellow", "54": "three", "55": "her", "56": "green", "57": "up", "58": "holding", "59": "into", "60": "children", "61": "by", "62": "rock", "63": "mouth", "64": "pink", "65": "girls", "66": "pool", "67": "near", "68": "stands", "69": "group", "70": "its", "71": "beach", "72": "from", "73": "out", "74": "jumps", "75": "as", "76": "outside", "77": "mountain", "78": "another", "79": "orange", "80": "runs", "81": "play", "82": "next", "83": "men", "84": "climbing", "85": "for", "86": "looking", "87": "hat", "88": "walks", "89": "one", "90": "jacket", "91": "plays", "92": "boys", "93": "sits", "94": "has", "95": "their", "96": "some", "97": "toy", "98": "other", "99": "air", "100": "frisbee", "101": "looks", "102": "riding", "103": "park", "104": "swimming", "105": "stick", "106": "top", "107": "carrying", "108": "tan", "109": "snowy", "110": "dressed", "111": "off", "112": "around", "113": "sidewalk", "114": "wall", "115": "grassy", "116": "across", "117": "bench", "118": "holds", "119": "behind", "120": "tree", "121": "it", "122": "ocean", "123": "along", "124": "camera", "125": "background", "126": "hair", "127": "face", "128": "dirt", "129": "catch", "130": "stand", "131": "head", "132": "that", "133": "soccer", "134": "slide", "135": "baby", "136": "bike", "137": "building", "138": "swing", "139": "sand", "140": "mountains", "141": "women", "142": "big", "143": "sit", "144": "lake", "145": "each", "146": "couple", "147": "path", "148": "together", "149": "rocky", "150": "kids", "151": "hill", "152": "walk", "153": "fountain", "154": "towards", "155": "dress", "156": "road", "157": "hand", "158": "sign", "159": "area", "160": "city", "161": "shorts", "162": "something", "163": "cap", "164": "smiling", "165": "suit", "166": "several", "167": "him", "168": "tennis", "169": "run", "170": "rides", "171": "rope", "172": "playground", "173": "back", "174": "four", "175": "side", "176": "covered", "177": "cliff", "178": "grey", "179": "doing", "180": "coat", "181": "chasing", "182": "rocks", "183": "jump", "184": "wooden", "185": "yard", "186": "climbs", "187": "trees", "188": "crowd", "189": "sunglasses", "190": "older", "191": "picture", "192": "long", "193": "jeans", "194": "leash", "195": "purple", "196": "toddler", "197": "very", "198": "ride", "199": "pants", "200": "backpack", "201": "boat", "202": "kid", "203": "striped", "204": "leaps", "205": "climber", "206": "edge", "207": "under", "208": "river", "209": "dock", "210": "blonde", "211": "beside", "212": "fighting", "213": "baseball", "214": "bed", "215": "there", "216": "he", "217": "bridge", "218": "hanging", "219": "wet", "220": "woods", "221": "puppy", "222": "helmet", "223": "look", "224": "upside", "225": "carries", "226": "day", "227": "car", "228": "lady", "229": "watching", "230": "pole", "231": "ground", "232": "old", "233": "bicycle", "234": "watches", "235": "bathing", "236": "table", "237": "light", "238": "posing", "239": "haired", "240": "blond", "241": "fence", "242": "eating", "243": "taking", "244": "arms", "245": "talking", "246": "swinging", "247": "collar", "248": "adult", "249": "hiker", "250": "open", "251": "asian", "252": "dark", "253": "bag", "254": "sky", "255": "away", "256": "arm", "257": "flowers", "258": "laying", "259": "fishing", "260": "sweater", "261": "past", "262": "trunks", "263": "leaping", "264": "being", "265": "between", "266": "toward", "267": "many", "268": "fire", "269": "animal", "270": "who", "271": "does", "272": "stone", "273": "inside", "274": "against", "275": "store", "276": "splashing", "277": "outfit", "278": "bus", "279": "bottle", "280": "raft", "281": "onto", "282": "outdoor", "283": "ice", "284": "watch", "285": "house", "286": "hands", "287": "shore", "288": "high", "289": "shoes", "290": "drinking", "291": "inflatable", "292": "nearby", "293": "after", "294": "going", "295": "glasses", "296": "flag", "297": "brick", "298": "swim", "299": "trampoline", "300": "umbrella", "301": "lawn", "302": "she", "303": "wears", "304": "swims", "305": "waves", "306": "huge", "307": "tent", "308": "tries", "309": "vest", "310": "overlooking", "311": "five", "312": "wave", "313": "metal", "314": "pond", "315": "crossing", "316": "swimsuit", "317": "whilst", "318": "eyes", "319": "others", "320": "object", "321": "middle", "322": "they", "323": "harness", "324": "nose", "325": "midair", "326": "poses", "327": "chair", "328": "surrounded", "329": "body", "330": "catches", "331": "skateboard", "332": "them", "333": "golden", "334": "guy", "335": "reading", "336": "right", "337": "bright", "338": "horse", "339": "shirtless", "340": "gear", "341": "trying", "342": "biting", "343": "shallow", "344": "drink", "345": "colorful", "346": "backyard", "347": "tube", "348": "garden", "349": "market", "350": "shopping", "351": "window", "352": "set", "353": "hiking", "354": "male", "355": "get", "356": "climb", "357": "shepherd", "358": "beard", "359": "bar", "360": "tongue", "361": "pose", "362": "tall", "363": "skier", "364": "above", "365": "puddle", "366": "underwater", "367": "flip", "368": "truck", "369": "bikini", "370": "getting", "371": "trail", "372": "stuffed", "373": "lying", "374": "all", "375": "costume", "376": "german", "377": "paper", "378": "clothes", "379": "plastic", "380": "this", "381": "railing", "382": "box", "383": "outdoors", "384": "football", "385": "obstacle", "386": "hangs", "387": "lot", "388": "smiles", "389": "bucket", "390": "splashes", "391": "sprinkler", "392": "forest", "393": "fallen", "394": "shop", "395": "someone", "396": "like", "397": "gray", "398": "wrestling", "399": "restaurant", "400": "board", "401": "bars", "402": "view", "403": "sleeping", "404": "bird", "405": "distance", "406": "hugging", "407": "dresses", "408": "dancing", "409": "cart", "410": "handstand", "411": "sliding", "412": "waterfall", "413": "tunnel", "414": "slides", "415": "swings", "416": "gets", "417": "ears", "418": "coming", "419": "traffic", "420": "takes", "421": "pulling", "422": "elderly", "423": "trick", "424": "ready", "425": "waiting", "426": "busy", "427": "floor", "428": "american", "429": "reads", "430": "room", "431": "shaking", "432": "couch", "433": "structure", "434": "bearded", "435": "colored", "436": "concrete", "437": "hula", "438": "mud", "439": "parking", "440": "wooded", "441": "furry", "442": "legs", "443": "flying", "444": "line", "445": "tshirt", "446": "attached", "447": "staring", "448": "lone", "449": "police", "450": "course", "451": "surfboard", "452": "sandy", "453": "sunset", "454": "skirt", "455": "dry", "456": "desert", "457": "cars", "458": "or", "459": "goggles", "460": "end", "461": "alone", "462": "doorway", "463": "short", "464": "take", "465": "shirts", "466": "feet", "467": "about", "468": "smaller", "469": "closeup", "470": "steep", "471": "teenage", "472": "fight", "473": "making", "474": "female", "475": "life", "476": "statue", "477": "glass", "478": "clothing", "479": "gym", "480": "war", "481": "sun", "482": "ski", "483": "drinks", "484": "fair", "485": "floaties", "486": "collie", "487": "snowcovered", "488": "digging", "489": "food", "490": "makes", "491": "flower", "492": "parade", "493": "carpet", "494": "leans", "495": "empty", "496": "fast", "497": "catching", "498": "headband", "499": "landscape", "500": "cellphone", "501": "chases", "502": "newspaper", "503": "adults", "504": "buildings", "505": "paddling", "506": "canoe", "507": "bushes", "508": "neck", "509": "throwing", "510": "kissing", "511": "free", "512": "player", "513": "motorcycle", "514": "six", "515": "beagle", "516": "ramp", "517": "hockey", "518": "steps", "519": "bubble", "520": "unicycle", "521": "kiddie", "522": "giant", "523": "ducks", "524": "naked", "525": "splashed", "526": "setting", "527": "plants", "528": "fruit", "529": "ladder", "530": "chewing", "531": "cone", "532": "atop", "533": "sunny", "534": "signs", "535": "hind", "536": "hats", "537": "tank", "538": "terrain", "539": "both", "540": "rail", "541": "paws", "542": "bite", "543": "uniform", "544": "equipment", "545": "falling", "546": "scarf", "547": "using", "548": "throws", "549": "pinata", "550": "hold", "551": "performing", "552": "toys", "553": "balls", "554": "tug", "555": "seat", "556": "denim", "557": "larger", "558": "poles", "559": "hurdle", "560": "skateboarder", "561": "prepares", "562": "corner", "563": "stop", "564": "clown", "565": "snowcapped", "566": "formation", "567": "crosswalk", "568": "waits", "569": "tire", "570": "bull", "571": "same", "572": "crowded", "573": "hugs", "574": "cross", "575": "scooter", "576": "amusement", "577": "kayak", "578": "sticks", "579": "laughing", "580": "monkey", "581": "basketball", "582": "silver", "583": "spray", "584": "log", "585": "filled", "586": "display", "587": "chews", "588": "poodle", "589": "fishes", "590": "deep", "591": "train", "592": "surface", "593": "night", "594": "balances", "595": "hose", "596": "flags", "597": "carnival", "598": "heads", "599": "guys", "600": "music", "601": "teeth", "602": "wood", "603": "safety", "604": "photo", "605": "animals", "606": "sheer", "607": "blows", "608": "whistle", "609": "officer", "610": "leather", "611": "bags", "612": "muddy", "613": "licking", "614": "surfer", "615": "jungle", "616": "sweatshirt", "617": "wrapped", "618": "rolling", "619": "sculpture", "620": "among", "621": "bites", "622": "cardboard", "623": "faces", "624": "enjoying", "625": "foot", "626": "rough", "627": "finger", "628": "cage", "629": "well", "630": "left", "631": "chain", "632": "surf", "633": "brush", "634": "chairs", "635": "covering", "636": "dance", "637": "be", "638": "before", "639": "campfire", "640": "kicks", "641": "smile", "642": "broom", "643": "formal", "644": "fisherman", "645": "game", "646": "blowing", "647": "bubbles", "648": "cat", "649": "paint", "650": "pirate", "651": "cement", "652": "fluffy", "653": "firetruck", "654": "parked", "655": "putting", "656": "chase", "657": "leashes", "658": "cream", "659": "eats", "660": "bicycles", "661": "bikes", "662": "rural", "663": "blanket", "664": "sticking", "665": "opens", "666": "scales", "667": "guitar", "668": "owner", "669": "retriever", "670": "subway", "671": "deck", "672": "balcony", "673": "says", "674": "waving", "675": "mouths", "676": "machine", "677": "winter", "678": "try", "679": "policeman", "680": "sled", "681": "tricks", "682": "hikers", "683": "kneeling", "684": "pushes", "685": "family", "686": "peak", "687": "alley", "688": "public", "689": "wheel", "690": "follows", "691": "walkway", "692": "sheet", "693": "dusk", "694": "lit", "695": "pier", "696": "backwards", "697": "moving", "698": "crouching", "699": "tables", "700": "curb", "701": "having", "702": "picnic", "703": "race", "704": "jogging", "705": "wading", "706": "crossed", "707": "shaggy", "708": "embrace", "709": "muzzle", "710": "sheep", "711": "range", "712": "onlookers", "713": "armenian", "714": "genocide", "715": "event", "716": "crosses", "717": "cigarette", "718": "rapids", "719": "hoops", "720": "wetsuit", "721": "swords", "722": "boogie", "723": "hoop", "724": "horses", "725": "suits", "726": "paddle", "727": "candy", "728": "lay", "729": "dances", "730": "workers", "731": "no", "732": "fish", "733": "cup", "734": "petting", "735": "grocery", "736": "bowl", "737": "shoe", "738": "drum", "739": "wagon", "740": "tiger", "741": "closed", "742": "skyline", "743": "paved", "744": "cold", "745": "tents", "746": "urban", "747": "bone", "748": "underneath", "749": "rug", "750": "wide", "751": "bottom", "752": "rests", "753": "seen", "754": "outfits", "755": "headphones", "756": "crouched", "757": "bare", "758": "emerges", "759": "door", "760": "moves", "761": "reaching", "762": "rollerblades", "763": "dragon", "764": "backs", "765": "listening", "766": "ship", "767": "icy", "768": "have", "769": "playfully", "770": "facing", "771": "stares", "772": "construction", "773": "uses", "774": "valley", "775": "attempts", "776": "mountainside", "777": "counter", "778": "funny", "779": "mall", "780": "low", "781": "shown", "782": "happily", "783": "different", "784": "close", "785": "bat", "786": "camping", "787": "hits", "788": "fur", "789": "frozen", "790": "go", "791": "batman", "792": "performer", "793": "upsidedown", "794": "pack", "795": "dirty", "796": "few", "797": "carry", "798": "phone", "799": "thin", "800": "diving", "801": "costumes", "802": "rainbow", "803": "hoodie", "804": "itself", "805": "silhouette", "806": "disc", "807": "item", "808": "paddles", "809": "licks", "810": "writing", "811": "where", "812": "figure", "813": "full", "814": "jackets", "815": "kayaks", "816": "curly", "817": "taken", "818": "showing", "819": "rain", "820": "students", "821": "stars", "822": "kick", "823": "stream", "824": "bouncing", "825": "flies", "826": "pulled", "827": "skis", "828": "break", "829": "thrown", "830": "beautiful", "831": "microphone", "832": "pull", "833": "tied", "834": "wait", "835": "shakes", "836": "fetch", "837": "headfirst", "838": "teenagers", "839": "attempting", "840": "teams", "841": "rider", "842": "goes", "843": "uphill", "844": "younger", "845": "shoulder", "846": "vehicle", "847": "spotted", "848": "flowered", "849": "rubber", "850": "towel", "851": "skating", "852": "sprinklers", "853": "fountains", "854": "badminton", "855": "corn", "856": "enjoy", "857": "dancer", "858": "skiing", "859": "ambulance", "860": "bandanna", "861": "lays", "862": "space", "863": "skirts", "864": "pit", "865": "ladies", "866": "redheaded", "867": "swimsuits", "868": "skull", "869": "following", "870": "runners", "871": "shovel", "872": "tinkerbell", "873": "pulls", "874": "atm", "875": "sprayed", "876": "narrow", "877": "leading", "878": "hairy", "879": "hall", "880": "step", "881": "vendor", "882": "cloudy", "883": "poodles", "884": "interact", "885": "rest", "886": "pass", "887": "hillside", "888": "branches", "889": "but", "890": "plain", "891": "extended", "892": "worker", "893": "mask", "894": "bearing", "895": "beer", "896": "surrounding", "897": "bald", "898": "reaches", "899": "sweaters", "900": "reach", "901": "military", "902": "touching", "903": "tussle", "904": "neon", "905": "photograph", "906": "bunch", "907": "purse", "908": "wrestle", "909": "climbers", "910": "scaling", "911": "hole", "912": "distant", "913": "approaching", "914": "fetching", "915": "center", "916": "kneels", "917": "shiny", "918": "doors", "919": "medium", "920": "enclosed", "921": "third", "922": "bodyboard", "923": "chopsticks", "924": "pictures", "925": "merrygoround", "926": "stool", "927": "mostly", "928": "hardhat", "929": "races", "930": "shoreline", "931": "sofa", "932": "soft", "933": "ahead", "934": "platform", "935": "hooded", "936": "brightly", "937": "lies", "938": "suburban", "939": "lots", "940": "passing", "941": "railings", "942": "navy", "943": "wire", "944": "camouflage", "945": "uncut", "946": "pushing", "947": "disk", "948": "talk", "949": "fake", "950": "cut", "951": "homeless", "952": "during", "953": "painted", "954": "indoor", "955": "jean", "956": "glove", "957": "kite", "958": "piece", "959": "visible", "960": "these", "961": "neighborhood", "962": "pointing", "963": "direction", "964": "points", "965": "squirted", "966": "shadow", "967": "boots", "968": "potted", "969": "turns", "970": "gather", "971": "bee", "972": "pile", "973": "speaks", "974": "gravel", "975": "only", "976": "backpacker", "977": "podium", "978": "speaking", "979": "himself", "980": "hug", "981": "flipping", "982": "golf", "983": "biker", "984": "racing", "985": "traverses", "986": "rafting", "987": "leaning", "988": "pipe", "989": "skateboarding", "990": "hooping", "991": "shaved", "992": "shot", "993": "atv", "994": "fenced", "995": "players", "996": "grabbing", "997": "ropes", "998": "comes", "999": "cats", "1000": "resting", "1001": "hay", "1002": "bathrobe", "1003": "point", "1004": "push", "1005": "cob", "1006": "natural", "1007": "seattle", "1008": "bug", "1009": "mohawk", "1010": "violin", "1011": "tub", "1012": "ticket", "1013": "matching", "1014": "clear", "1015": "mountaintop", "1016": "carriage", "1017": "campsite", "1018": "change", "1019": "twin", "1020": "telescope", "1021": "overalls", "1022": "donkeys", "1023": "rings", "1024": "wig", "1025": "crossbones", "1026": "gold", "1027": "swimmer", "1028": "bouncy", "1029": "cracker", "1030": "sparkler", "1031": "sparklers", "1032": "kitten", "1033": "smoking", "1034": "bathtub", "1035": "blocks", "1036": "baskets", "1037": "makeup", "1038": "runner", "1039": "tutu", "1040": "wedding", "1041": "leaves", "1042": "farmers", "1043": "fireman", "1044": "fly", "1045": "below", "1046": "biking", "1047": "khaki", "1048": "crouches", "1049": "trunk", "1050": "branch", "1051": "doberman", "1052": "trains", "1053": "eye", "1054": "snack", "1055": "eat", "1056": "peaks", "1057": "slope", "1058": "hikes", "1059": "meet", "1060": "skater", "1061": "touch", "1062": "ledge", "1063": "stretches", "1064": "firefighter", "1065": "preparing", "1066": "tackle", "1067": "chinese", "1068": "joy", "1069": "watched", "1070": "colourful", "1071": "touches", "1072": "noses", "1073": "magazine", "1074": "knit", "1075": "way", "1076": "leap", "1077": "laptops", "1078": "circle", "1079": "puppies", "1080": "hit", "1081": "kitchen", "1082": "items", "1083": "scene", "1084": "aged", "1085": "though", "1086": "enjoys", "1087": "streets", "1088": "sized", "1089": "darkskinned", "1090": "device", "1091": "fairground", "1092": "gyro", "1093": "raised", "1094": "st", "1095": "clouds", "1096": "alongside", "1097": "training", "1098": "do", "1099": "european", "1100": "barren", "1101": "record", "1102": "straddles", "1103": "ruins", "1104": "observing", "1105": "countryside", "1106": "bicyclist", "1107": "show", "1108": "leaving", "1109": "protest", "1110": "banner", "1111": "religious", "1112": "ponytail", "1113": "jet", "1114": "shows", "1115": "which", "1116": "ear", "1117": "travel", "1118": "mobile", "1119": "hiding", "1120": "balloon", "1121": "lifting", "1122": "follow", "1123": "jogger", "1124": "murky", "1125": "rods", "1126": "ridge", "1127": "interesting", "1128": "individuals", "1129": "scarves", "1130": "collars", "1131": "greyhound", "1132": "sniffing", "1133": "strap", "1134": "terrier", "1135": "base", "1136": "foggy", "1137": "fog", "1138": "meadow", "1139": "coffee", "1140": "repels", "1141": "wine", "1142": "foliage", "1143": "tag", "1144": "clings", "1145": "pick", "1146": "logs", "1147": "everywhere", "1148": "moustache", "1149": "seated", "1150": "suspended", "1151": "ascending", "1152": "bending", "1153": "tails", "1154": "cow", "1155": "herd", "1156": "place", "1157": "hear", "1158": "eastern", "1159": "written", "1160": "raises", "1161": "boulder", "1162": "appear", "1163": "spots", "1164": "motocross", "1165": "motorbike", "1166": "shops", "1167": "multicolored", "1168": "followed", "1169": "unusual", "1170": "lounge", "1171": "roller", "1172": "coaster", "1173": "themselves", "1174": "kayaker", "1175": "waters", "1176": "held", "1177": "asleep", "1178": "splash", "1179": "hulahoops", "1180": "patio", "1181": "leads", "1182": "throw", "1183": "sandals", "1184": "japanese", "1185": "country", "1186": "seagull", "1187": "hot", "1188": "pauses", "1189": "longhaired", "1190": "coach", "1191": "school", "1192": "wakeboard", "1193": "grab", "1194": "locking", "1195": "blow", "1196": "straw", "1197": "robe", "1198": "cheek", "1199": "happy", "1200": "paying", "1201": "wear", "1202": "dj", "1203": "turn", "1204": "flips", "1205": "soaked", "1206": "bow", "1207": "jeep", "1208": "without", "1209": "houses", "1210": "officers", "1211": "money", "1212": "stage", "1213": "pirates", "1214": "trade", "1215": "poem", "1216": "offering", "1217": "needle", "1218": "spout", "1219": "elephant", "1220": "far", "1221": "beauty", "1222": "parlor", "1223": "advertising", "1224": "riders", "1225": "lie", "1226": "beneath", "1227": "batting", "1228": "real", "1229": "cover", "1230": "pen", "1231": "just", "1232": "stops", "1233": "gun", "1234": "band", "1235": "heels", "1236": "computer", "1237": "human", "1238": "chalk", "1239": "cannon", "1240": "beads", "1241": "cloth", "1242": "shade", "1243": "onstage", "1244": "tutus", "1245": "ballerinas", "1246": "portable", "1247": "toilets", "1248": "broken", "1249": "mother", "1250": "shine", "1251": "lined", "1252": "pacifier", "1253": "words", "1254": "sister", "1255": "made", "1256": "geese", "1257": "flock", "1258": "shoulders", "1259": "horseshoes", "1260": "trench", "1261": "pets", "1262": "crosscountry", "1263": "dumbbell", "1264": "wheelie", "1265": "dives", "1266": "twopiece", "1267": "slip", "1268": "bouquet", "1269": "celebrate", "1270": "travels", "1271": "traveling", "1272": "farmer", "1273": "lean", "1274": "cyclists", "1275": "cyclist", "1276": "friends", "1277": "sheltie", "1278": "wades", "1279": "earphones", "1280": "listens", "1281": "horizontal", "1282": "meeting", "1283": "chocolate", "1284": "caps", "1285": "pokes", "1286": "camper", "1287": "backpacking", "1288": "mart", "1289": "walmart", "1290": "leg", "1291": "inline", "1292": "skates", "1293": "airborne", "1294": "paw", "1295": "relaxes", "1296": "buying", "1297": "flames", "1298": "sveral", "1299": "strings", "1300": "cruise", "1301": "sharp", "1302": "babies", "1303": "sight", "1304": "greets", "1305": "dachshund", "1306": "sniffs", "1307": "print", "1308": "booth", "1309": "snowball", "1310": "garage", "1311": "weather", "1312": "cowboy", "1313": "directs", "1314": "marked", "1315": "hiviz", "1316": "drilling", "1317": "works", "1318": "ravine", "1319": "crevasse", "1320": "laptop", "1321": "work", "1322": "backpacks", "1323": "floats", "1324": "cafe", "1325": "spot", "1326": "art", "1327": "shades", "1328": "breaking", "1329": "ditch", "1330": "drums", "1331": "spins", "1332": "breeze", "1333": "movie", "1334": "location", "1335": "frame", "1336": "hills", "1337": "ran", "1338": "waist", "1339": "sheets", "1340": "pillow", "1341": "steering", "1342": "puddles", "1343": "marsh", "1344": "toddlers", "1345": "teenager", "1346": "new", "1347": "theater", "1348": "viewer", "1349": "chef", "1350": "meat", "1351": "rolls", "1352": "working", "1353": "can", "1354": "pine", "1355": "patrick", "1356": "dressing", "1357": "shamrocks", "1358": "so", "1359": "shots", "1360": "friend", "1361": "foreground", "1362": "jog", "1363": "eight", "1364": "oversized", "1365": "fan", "1366": "rack", "1367": "herself", "1368": "ornaments", "1369": "toolbox", "1370": "tool", "1371": "grabs", "1372": "plaid", "1373": "jetty", "1374": "rows", "1375": "part", "1376": "poster", "1377": "spaniel", "1378": "wasteland", "1379": "leafless", "1380": "fields", "1381": "modern", "1382": "crosslegged", "1383": "twisting", "1384": "rocket", "1385": "shaped", "1386": "twig", "1387": "peterson", "1388": "snowmobile", "1389": "heavy", "1390": "polaris", "1391": "staircase", "1392": "bank", "1393": "chest", "1394": "canoes", "1395": "dimly", "1396": "cutout", "1397": "intersection", "1398": "bushy", "1399": "lands", "1400": "mans", "1401": "gloves", "1402": "retreiver", "1403": "skinned", "1404": "campus", "1405": "blossoming", "1406": "nice", "1407": "jumped", "1408": "match", "1409": "court", "1410": "bottoms", "1411": "horizon", "1412": "plate", "1413": "pasta", "1414": "lap", "1415": "tracks", "1416": "decorative", "1417": "turned", "1418": "used", "1419": "pointy", "1420": "upset", "1421": "boot", "1422": "strange", "1423": "agility", "1424": "indoors", "1425": "wrinkled", "1426": "chew", "1427": "tosses", "1428": "daisies", "1429": "tugofwar", "1430": "tea", "1431": "home", "1432": "pitbull", "1433": "dreadlocks", "1434": "muzzled", "1435": "returns", "1436": "speak", "1437": "straight", "1438": "complete", "1439": "cows", "1440": "photographer", "1441": "sunlight", "1442": "folded", "1443": "overlooks", "1444": "gathered", "1445": "speech", "1446": "spectators", "1447": "elder", "1448": "african", "1449": "headscarf", "1450": "decorated", "1451": "certificates", "1452": "awards", "1453": "either", "1454": "boardwalk", "1455": "droplets", "1456": "bluejeans", "1457": "fetches", "1458": "retrieves", "1459": "retrieving", "1460": "pebble", "1461": "spell", "1462": "impeach", "1463": "strip", "1464": "number", "1465": "racer", "1466": "sombrero", "1467": "multicolor", "1468": "australian", "1469": "identical", "1470": "book", "1471": "flipped", "1472": "been", "1473": "kicked", "1474": "casts", "1475": "hollywood", "1476": "supports", "1477": "sleeps", "1478": "stunt", "1479": "bmx", "1480": "performs", "1481": "washing", "1482": "bricks", "1483": "mop", "1484": "stony", "1485": "calm", "1486": "stoop", "1487": "hard", "1488": "flops", "1489": "handing", "1490": "string", "1491": "skips", "1492": "feeding", "1493": "rowing", "1494": "skinny", "1495": "rowboat", "1496": "toe", "1497": "amidst", "1498": "battle", "1499": "team", "1500": "material", "1501": "single", "1502": "parachute", "1503": "boxes", "1504": "cups", "1505": "beverage", "1506": "hides", "1507": "hide", "1508": "bathroom", "1509": "merchandise", "1510": "deflated", "1511": "kisses", "1512": "embracing", "1513": "sides", "1514": "submerges", "1515": "emerging", "1516": "curve", "1517": "creek", "1518": "what", "1519": "earrings", "1520": "buckets", "1521": "placed", "1522": "party", "1523": "punching", "1524": "laugh", "1525": "cute", "1526": "tentlike", "1527": "jumper", "1528": "sunlit", "1529": "descending", "1530": "groceries", "1531": "thumb", "1532": "pot", "1533": "snowsuit", "1534": "drives", "1535": "tie", "1536": "army", "1537": "fedex", "1538": "storm", "1539": "trooper", "1540": "laughs", "1541": "bounce", "1542": "floating", "1543": "also", "1544": "folding", "1545": "offers", "1546": "giants", "1547": "saying", "1548": "give", "1549": "halter", "1550": "driver", "1551": "crane", "1552": "chatting", "1553": "float", "1554": "sports", "1555": "storefront", "1556": "passed", "1557": "horseback", "1558": "van", "1559": "finds", "1560": "make", "1561": "sunshade", "1562": "oar", "1563": "wheelbarrow", "1564": "pins", "1565": "patterned", "1566": "heart", "1567": "campground", "1568": "sling", "1569": "attire", "1570": "redhaired", "1571": "cameraman", "1572": "square", "1573": "fireplace", "1574": "monument", "1575": "inflated", "1576": "splits", "1577": "trek", "1578": "lifts", "1579": "beige", "1580": "sundress", "1581": "bear", "1582": "living", "1583": "chubby", "1584": "weights", "1585": "grins", "1586": "traditional", "1587": "packed", "1588": "canyon", "1589": "exercise", "1590": "aerobics", "1591": "mountaineer", "1592": "courtyard", "1593": "pavement", "1594": "caught", "1595": "braids", "1596": "appears", "1597": "softball", "1598": "summit", "1599": "poised", "1600": "leaped", "1601": "clapping", "1602": "wings", "1603": "legged", "1604": "gazing", "1605": "pinned", "1606": "civil", "1607": "reenactment", "1608": "firing", "1609": "capri", "1610": "gathering", "1611": "forested", "1612": "males", "1613": "perform", "1614": "boa", "1615": "stare", "1616": "motorcyclist", "1617": "tiny", "1618": "walker", "1619": "yorkie", "1620": "karate", "1621": "shadows", "1622": "robes", "1623": "hotel", "1624": "ritz", "1625": "raincoat", "1626": "balancing", "1627": "ace", "1628": "bandage", "1629": "scouts", "1630": "belongings", "1631": "squatting", "1632": "smear", "1633": "shiner", "1634": "customers", "1635": "fireworks", "1636": "apron", "1637": "afternoon", "1638": "ribbon", "1639": "lift", "1640": "tattered", "1641": "simpsons", "1642": "hut", "1643": "floatation", "1644": "evil", "1645": "spitting", "1646": "spits", "1647": "meter", "1648": "dusty", "1649": "daughter", "1650": "numerous", "1651": "rugs", "1652": "blankets", "1653": "mime", "1654": "column", "1655": "pillar", "1656": "lawnmower", "1657": "confused", "1658": "machines", "1659": "mug", "1660": "frosting", "1661": "roll", "1662": "arcade", "1663": "peace", "1664": "walls", "1665": "ring", "1666": "lilies", "1667": "occasion", "1668": "reacts", "1669": "twotone", "1670": "barriers", "1671": "aisle", "1672": "perked", "1673": "leafy", "1674": "brindlecolored", "1675": "organic", "1676": "vegetables", "1677": "marketplace", "1678": "linet", "1679": "dreary", "1680": "tented", "1681": "fresh", "1682": "produce", "1683": "visiting", "1684": "fights", "1685": "pouring", "1686": "firefighters", "1687": "west", "1688": "highland", "1689": "terriers", "1690": "walked", "1691": "owners", "1692": "autumn", "1693": "melting", "1694": "kneehigh", "1695": "key", "1696": "bicyclists", "1697": "whitecolored", "1698": "ipod", "1699": "capris", "1700": "confrontation", "1701": "scruffy", "1702": "basement", "1703": "slice", "1704": "snacks", "1705": "frisbie", "1706": "moutnain", "1707": "see", "1708": "sleeves", "1709": "windy", "1710": "gesticulates", "1711": "wal", "1712": "smock", "1713": "unifrom", "1714": "attempt", "1715": "handrail", "1716": "encourages", "1717": "digs", "1718": "weimaraners", "1719": "stripes", "1720": "investigates", "1721": "tussling", "1722": "purchase", "1723": "if", "1724": "was", "1725": "purchasing", "1726": "product", "1727": "put", "1728": "responding", "1729": "firehose", "1730": "engulfed", "1731": "seller", "1732": "outline", "1733": "joyfully", "1734": "lead", "1735": "widely", "1736": "closes", "1737": "covers", "1738": "startled", "1739": "eyed", "1740": "nech", "1741": "planter", "1742": "plugging", "1743": "sharing", "1744": "controlling", "1745": "puppet", "1746": "expose", "1747": "expressions", "1748": "happiness", "1749": "hello", "1750": "veteran", "1751": "official", "1752": "soldier", "1753": "zepra", "1754": "darkcolored", "1755": "blindfolded", "1756": "land", "1757": "stared", "1758": "goatee", "1759": "toll", "1760": "pipes", "1761": "fluorecent", "1762": "lump", "1763": "columned", "1764": "marble", "1765": "columns", "1766": "twilight", "1767": "begins", "1768": "trash", "1769": "struggling", "1770": "litter", "1771": "cracked", "1772": "nature", "1773": "dangling", "1774": "lime", "1775": "directing", "1776": "director", "1777": "drills", "1778": "active", "1779": "bay", "1780": "mean", "1781": "clinging", "1782": "snowgear", "1783": "pf", "1784": "internet", "1785": "computers", "1786": "backpackers", "1787": "descend", "1788": "cocked", "1789": "upright", "1790": "cockpit", "1791": "shite", "1792": "accompanies", "1793": "decoration", "1794": "tags", "1795": "changes", "1796": "stride", "1797": "entrance", "1798": "yerba", "1799": "buena", "1800": "arts", "1801": "double", "1802": "tidal", "1803": "overflow", "1804": "affectionately", "1805": "smelling", "1806": "brilliant", "1807": "prestends", "1808": "punch", "1809": "temple", "1810": "lunch", "1811": "surfs", "1812": "buries", "1813": "burrows", "1814": "camps", "1815": "desolate", "1816": "patches", "1817": "supplies", "1818": "drumming", "1819": "bowls", "1820": "banging", "1821": "pans", "1822": "dish", "1823": "pan", "1824": "overturned", "1825": "tundra", "1826": "snapshot", "1827": "merry", "1828": "round", "1829": "ee", "1830": "roundabout", "1831": "spinning", "1832": "flapping", "1833": "late", "1834": "cape", "1835": "stepstool", "1836": "thong", "1837": "halfnaked", "1838": "tourist", "1839": "nude", "1840": "questioningly", "1841": "topped", "1842": "quickly", "1843": "hang", "1844": "romp", "1845": "gliding", "1846": "surfing", "1847": "roughhousing", "1848": "brawl", "1849": "attack", "1850": "boats", "1851": "controls", "1852": "pretend", "1853": "painting", "1854": "wrestles", "1855": "electronic", "1856": "texting", "1857": "keeps", "1858": "dragons", "1859": "year", "1860": "celebration", "1861": "curious", "1862": "adventures", "1863": "color", "1864": "drags", "1865": "snowboard", "1866": "butchers", "1867": "beef", "1868": "treat", "1869": "uplifted", "1870": "demonstrating", "1871": "how", "1872": "corgie", "1873": "elevated", "1874": "beam", "1875": "celebrating", "1876": "patricks", "1877": "plenty", "1878": "ends", "1879": "bent", "1880": "sweatpants", "1881": "sorts", "1882": "cameraphone", "1883": "recently", "1884": "snowfall", "1885": "drift", "1886": "lamp", "1887": "post", "1888": "beyond", "1889": "filed", "1890": "teaching", "1891": "whitehaired", "1892": "blocking", "1893": "earring", "1894": "fit", "1895": "bog", "1896": "displaying", "1897": "propping", "1898": "pairs", "1899": "pedestrians", "1900": "admiring", "1901": "christmas", "1902": "browses", "1903": "ornamental", "1904": "combat", "1905": "camo", "1906": "tourists", "1907": "retrives", "1908": "possessively", "1909": "concerned", "1910": "buoy", "1911": "retreived", "1912": "flannel", "1913": "rusty", "1914": "dries", "1915": "howls", "1916": "springer", "1917": "springtime", "1918": "lassie", "1919": "hike", "1920": "retrieve", "1921": "pet", "1922": "turtle", "1923": "bound", "1924": "approachs", "1925": "creature", "1926": "scrubland", "1927": "various", "1928": "unpaved", "1929": "missed", "1930": "enter", "1931": "fantasy", "1932": "wax", "1933": "passengers", "1934": "chicago", "1935": "heading", "1936": "labeled", "1937": "garbage", "1938": "bin", "1939": "caravan", "1940": "pair", "1941": "newspapers", "1942": "stuff", "1943": "strewn", "1944": "stairs", "1945": "yellowgrassed", "1946": "tend", "1947": "time", "1948": "secured", "1949": "cluster", "1950": "mediumsized", "1951": "panel", "1952": "redcarpeted", "1953": "persues", "1954": "thrower", "1955": "shares", "1956": "outs", "1957": "dolls", "1958": "drawings", "1959": "balloons", "1960": "browse", "1961": "strolling", "1962": "shoppers", "1963": "domino", "1964": "amplifier", "1965": "speaker", "1966": "masked", "1967": "sail", "1968": "jogs", "1969": "falcon", "1970": "gloved", "1971": "prey", "1972": "hawk", "1973": "hangong", "1974": "plushie", "1975": "markings", "1976": "misty", "1977": "tethered", "1978": "sweatshirts", "1979": "cherry", "1980": "college", "1981": "cellphones", "1982": "casually", "1983": "hoodoos", "1984": "formations", "1985": "shapes", "1986": "main", "1987": "elaborate", "1988": "siting", "1989": "cane", "1990": "complex", "1991": "skimpy", "1992": "scantily", "1993": "clad", "1994": "interested", "1995": "jug", "1996": "scent", "1997": "signal", "1998": "clutching", "1999": "turquoise", "2000": "guard", "2001": "case", "2002": "gnaws", "2003": "coats", "2004": "videotaping", "2005": "barechested", "2006": "filming", "2007": "rolled", "2008": "video", "2009": "terrorizes", "2010": "locked", "2011": "kennel", "2012": "stoney", "2013": "brook", "2014": "bigg", "2015": "indian", "2016": "lease", "2017": "graffiti", "2018": "casting", "2019": "conical", "2020": "pyramid", "2021": "goldenbrown", "2022": "extends", "2023": "lookalike", "2024": "topdown", "2025": "test", "2026": "starting", "2027": "including", "2028": "father", "2029": "fathers", "2030": "frolics", "2031": "sweashirt", "2032": "rottweiler", "2033": "husky", "2034": "spoted", "2035": "midjump", "2036": "turning", "2037": "hallway", "2038": "beverages", "2039": "descends", "2040": "reflection", "2041": "ringed", "2042": "landed", "2043": "played", "2044": "woodland", "2045": "clearing", "2046": "streams", "2047": "master", "2048": "labradoodle", "2049": "panoramic", "2050": "investigate", "2051": "backsides", "2052": "dig", "2053": "balck", "2054": "clean", "2055": "kiss", "2056": "love", "2057": "most", "2058": "quaint", "2059": "cobblestone", "2060": "storefronts", "2061": "calf", "2062": "grazing", "2063": "pasture", "2064": "offered", "2065": "chained", "2066": "cliffside", "2067": "africanamerican", "2068": "indescript", "2069": "seats", "2070": "framed", "2071": "canopy", "2072": "sillhouttes", "2073": "rally", "2074": "remember", "2075": "related", "2076": "march", "2077": "giving", "2078": "dealing", "2079": "phrase", "2080": "stocking", "2081": "hood", "2082": "orangehooded", "2083": "palm", "2084": "hunter", "2085": "sparsely", "2086": "clap", "2087": "class", "2088": "diplomas", "2089": "handrails", "2090": "dust", "2091": "excess", "2092": "woamn", "2093": "corridor", "2094": "industrial", "2095": "pebbles", "2096": "letters", "2097": "protesters", "2098": "stirs", "2099": "persue", "2100": "anticipates", "2101": "chat", "2102": "act", "2103": "smooth", "2104": "sleeved", "2105": "pedestrian", "2106": "sashes", "2107": "china", "2108": "challenges", "2109": "uniforms", "2110": "track", "2111": "competition", "2112": "aided", "2113": "bikers", "2114": "motorized", "2115": "protective", "2116": "mobility", "2117": "electric", "2118": "shelves", "2119": "senior", "2120": "citizen", "2121": "photographed", "2122": "parents", "2123": "instrument", "2124": "share", "2125": "tricolored", "2126": "creepy", "2127": "smoke", "2128": "youths", "2129": "glances", "2130": "darkness", "2131": "prairie", "2132": "harnesses", "2133": "almost", "2134": "churning", "2135": "kayaking", "2136": "wavy", "2137": "battles", "2138": "banks", "2139": "petterned", "2140": "billiards", "2141": "cue", "2142": "transportation", "2143": "rafters", "2144": "launched", "2145": "backward", "2146": "seventh", "2147": "flung", "2148": "flew", "2149": "grond", "2150": "teen", "2151": "dune", "2152": "measures", "2153": "depth", "2154": "steaks", "2155": "thck", "2156": "examines", "2157": "fame", "2158": "fans", "2159": "bmw", "2160": "fantastic", "2161": "marvel", "2162": "tip", "2163": "island", "2164": "circling", "2165": "ascends", "2166": "audience", "2167": "quarter", "2168": "cleaning", "2169": "york", "2170": "seaweed", "2171": "mossy", "2172": "discussion", "2173": "hawaiian", "2174": "littered", "2175": "places", "2176": "sour", "2177": "net", "2178": "let", "2179": "dropping", "2180": "self", "2181": "shook", "2182": "presents", "2183": "shave", "2184": "converse", "2185": "took", "2186": "barely", "2187": "tumbling", "2188": "twisty", "2189": "dinosaur", "2190": "exhibt", "2191": "stuck", "2192": "idyllic", "2193": "hops", "2194": "avoid", "2195": "wheeler", "2196": "drive", "2197": "gull", "2198": "passes", "2199": "scull", "2200": "tail", "2201": "pontoon", "2202": "stomach", "2203": "nails", "2204": "oiled", "2205": "darker", "2206": "suntanning", "2207": "greenery", "2208": "props", "2209": "sword", "2210": "tugging", "2211": "rink", "2212": "youth", "2213": "smacking", "2214": "puck", "2215": "participate", "2216": "action", "2217": "fall", "2218": "opposing", "2219": "footballers", "2220": "coaching", "2221": "age", "2222": "sprinting", "2223": "hilly", "2224": "boarding", "2225": "windsurfing", "2226": "waterskiing", "2227": "gnawing", "2228": "ejected", "2229": "screaming", "2230": "when", "2231": "enough", "2232": "clowning", "2233": "awkwardly", "2234": "sets", "2235": "cans", "2236": "lock", "2237": "locks", "2238": "cramped", "2239": "position", "2240": "wands", "2241": "distorted", "2242": "image", "2243": "lazily", "2244": "patch", "2245": "except", "2246": "seek", "2247": "threshold", "2248": "jewlery", "2249": "examine", "2250": "crafts", "2251": "inspecting", "2252": "displayed", "2253": "starring", "2254": "handed", "2255": "punctured", "2256": "seem", "2257": "breath", "2258": "straddling", "2259": "balanced", "2260": "missing", "2261": "tooth", "2262": "rounds", "2263": "companion", "2264": "digital", "2265": "attention", "2266": "gazes", "2267": "foam", "2268": "foraging", "2269": "brushland", "2270": "bareback", "2271": "dunes", "2272": "wild", "2273": "wolf", "2274": "plains", "2275": "oriental", "2276": "florist", "2277": "arranging", "2278": "banana", "2279": "barrels", "2280": "church", "2281": "cheer", "2282": "raise", "2283": "mixing", "2284": "pretends", "2285": "acts", "2286": "spouts", "2287": "ups", "2288": "goofy", "2289": "half", "2290": "fell", "2291": "histerically", "2292": "driving", "2293": "monster", "2294": "rackets", "2295": "overlook", "2296": "frolicking", "2297": "shrine", "2298": "polka", "2299": "dot", "2300": "tracksuit", "2301": "starts", "2302": "spin", "2303": "forearms", "2304": "shallows", "2305": "anklehigh", "2306": "forcing", "2307": "smashed", "2308": "ponytails", "2309": "skateboards", "2310": "skate", "2311": "speeds", "2312": "carpeted", "2313": "barrier", "2314": "trots", "2315": "series", "2316": "sucks", "2317": "facepainted", "2318": "sucking", "2319": "printed", "2320": "cargo", "2321": "reflected", "2322": "layer", "2323": "gap", "2324": "basket", "2325": "pickup", "2326": "tightropes", "2327": "residential", "2328": "accompanied", "2329": "policemen", "2330": "berets", "2331": "cop", "2332": "vehicles", "2333": "trucks", "2334": "homemade", "2335": "shocked", "2336": "screams", "2337": "scared", "2338": "insect", "2339": "pointer", "2340": "fully", "2341": "clothed", "2342": "tge", "2343": "riverside", "2344": "prancing", "2345": "seeking", "2346": "begging", "2347": "humorous", "2348": "ceiling", "2349": "beams", "2350": "curved", "2351": "archway", "2352": "brownhaired", "2353": "hulahoop", "2354": "soaking", "2355": "cycles", "2356": "ilks", "2357": "knees", "2358": "partially", "2359": "honest", "2360": "good", "2361": "poems", "2362": "desperate", "2363": "creative", "2364": "approach", "2365": "garner", "2366": "tickets", "2367": "arena", "2368": "skateboarders", "2369": "zaftig", "2370": "slinging", "2371": "floral", "2372": "kerry", "2373": "pebbly", "2374": "driverside", "2375": "mysterious", "2376": "company", "2377": "called", "2378": "wilbert", "2379": "opportunity", "2380": "direct", "2381": "flaggers", "2382": "site", "2383": "hurdles", "2384": "cast", "2385": "spigot", "2386": "tap", "2387": "bodyboarder", "2388": "flotation", "2389": "donut", "2390": "intertube", "2391": "midclimb", "2392": "maintain", "2393": "fingerhold", "2394": "straining", "2395": "gal", "2396": "lack", "2397": "dive", "2398": "sparse", "2399": "nike", "2400": "oars", "2401": "vests", "2402": "spash", "2403": "submerged", "2404": "notices", "2405": "picking", "2406": "ducky", "2407": "backlit", "2408": "shadowy", "2409": "leatherclad", "2410": "punkish", "2411": "nibbles", "2412": "baring", "2413": "shorthaired", "2414": "billboard", "2415": "vacation", "2416": "rundown", "2417": "affixed", "2418": "dilapidated", "2419": "shuttered", "2420": "file", "2421": "rv", "2422": "border", "2423": "peeks", "2424": "sprints", "2425": "relaxing", "2426": "slouching", "2427": "teal", "2428": "balance", "2429": "hoof", "2430": "bronze", "2431": "stomachs", "2432": "marinelifethemed", "2433": "conversation", "2434": "carving", "2435": "troll", "2436": "forth", "2437": "treelined", "2438": "tools", "2439": "necks", "2440": "tattoo", "2441": "pierced", "2442": "lip", "2443": "went", "2444": "got", "2445": "aveda", "2446": "bigger", "2447": "established", "2448": "camp", "2449": "slipping", "2450": "chewedup", "2451": "muffs", "2452": "headline", "2453": "wrap", "2454": "carrier", "2455": "similar", "2456": "bandanas", "2457": "cloths", "2458": "aggressive", "2459": "barks", "2460": "madly", "2461": "offcamera", "2462": "entertain", "2463": "victory", "2464": "ion", "2465": "purses", "2466": "finishes", "2467": "trainer", "2468": "present", "2469": "pilar", "2470": "airfilled", "2471": "sip", "2472": "things", "2473": "torch", "2474": "burning", "2475": "baton", "2476": "juggling", "2477": "treads", "2478": "safely", "2479": "spelunker", "2480": "falls", "2481": "struggles", "2482": "tossed", "2483": "raining", "2484": "jumpos", "2485": "exited", "2486": "observed", "2487": "buildabear", "2488": "build", "2489": "workshop", "2490": "perched", "2491": "jagged", "2492": "backgroud", "2493": "call", "2494": "approaches", "2495": "waterfront", "2496": "backround", "2497": "climbes", "2498": "slippery", "2499": "kicking", "2500": "unseen", "2501": "flowery", "2502": "twins", "2503": "identically", "2504": "buff", "2505": "remote", "2506": "hippie", "2507": "strapless", "2508": "organized", "2509": "teeshirt", "2510": "messanger", "2511": "caged", "2512": "sings", "2513": "strawberry", "2514": "flashes", "2515": "period", "2516": "garb", "2517": "glacier", "2518": "stunning", "2519": "mountaineers", "2520": "moon", "2521": "maneuvering", "2522": "hoddie", "2523": "jaywalk", "2524": "taxis", "2525": "cliffs", "2526": "helment", "2527": "linked", "2528": "session", "2529": "seashore", "2530": "exercising", "2531": "thermos", "2532": "snowbank", "2533": "aboveground", "2534": "soles", "2535": "soled", "2536": "whitebearded", "2537": "flowing", "2538": "tile", "2539": "terrace", "2540": "laundry", "2541": "flooded", "2542": "checked", "2543": "pursued", "2544": "photos", "2545": "outcropping", "2546": "tripod", "2547": "warm", "2548": "directions", "2549": "skyscrapers", "2550": "frowns", "2551": "unhappy", "2552": "overweight", "2553": "mules", "2554": "sole", "2555": "determination", "2556": "gives", "2557": "freshly", "2558": "playgroud", "2559": "equiment", "2560": "dribbles", "2561": "athlete", "2562": "move", "2563": "feamle", "2564": "teammate", "2565": "return", "2566": "gowns", "2567": "females", "2568": "silk", "2569": "matchin", "2570": "spraying", "2571": "flows", "2572": "peaking", "2573": "dome", "2574": "pitched", "2575": "savanah", "2576": "tshirts", "2577": "monitor", "2578": "talks", "2579": "swear", "2580": "floatlys", "2581": "stucco", "2582": "tandem", "2583": "bends", "2584": "skipping", "2585": "jumpropes", "2586": "midday", "2587": "treks", "2588": "sillouhette", "2589": "daschunds", "2590": "wiener", "2591": "wishing", "2592": "feed", "2593": "feeds", "2594": "helmeted", "2595": "coloring", "2596": "unknown", "2597": "peers", "2598": "cannons", "2599": "fashion", "2600": "recreation", "2601": "participating", "2602": "reenactors", "2603": "barefoot", "2604": "entertainer", "2605": "horns", "2606": "curtsey", "2607": "festival", "2608": "possible", "2609": "belly", "2610": "sequined", "2611": "sequins", "2612": "spangles", "2613": "weird", "2614": "feathered", "2615": "chats", "2616": "tight", "2617": "longsleeved", "2618": "slightly", "2619": "goldenrod", "2620": "porcelain", "2621": "upturned", "2622": "recital", "2623": "eleven", "2624": "bows", "2625": "feather", "2626": "strolls", "2627": "fishers", "2628": "someones", "2629": "curiously", "2630": "chewed", "2631": "employees", "2632": "checkstand", "2633": "aprons", "2634": "rattan", "2635": "town", "2636": "multiprint", "2637": "hillock", "2638": "climbed", "2639": "stoops", "2640": "growling", "2641": "nips", "2642": "competitive", "2643": "swimwear", "2644": "compete", "2645": "activity", "2646": "playroom", "2647": "bouncer", "2648": "smilling", "2649": "engine", "2650": "airplane", "2651": "overhead", "2652": "lited", "2653": "nursery", "2654": "brother", "2655": "excited", "2656": "stretched", "2657": "motion", "2658": "triangle", "2659": "snarling", "2660": "bluerobed", "2661": "occupied", "2662": "upperclass", "2663": "lobby", "2664": "cloak", "2665": "scary", "2666": "wizard", "2667": "cookie", "2668": "juice", "2669": "portapotties", "2670": "row", "2671": "bathrooms", "2672": "numbers", "2673": "dead", "2674": "wagging", "2675": "hoodedcoat", "2676": "straddle", "2677": "raingear", "2678": "dragging", "2679": "mansion", "2680": "perspective", "2681": "ornate", "2682": "matt", "2683": "mat", "2684": "mats", "2685": "propped", "2686": "nighttime", "2687": "bluff", "2688": "piled", "2689": "blowup", "2690": "outward", "2691": "steady", "2692": "fat", "2693": "innertube", "2694": "first", "2695": "stones", "2696": "necklace", "2697": "viewfinder", "2698": "parasail", "2699": "craft", "2700": "windsurfer", "2701": "angles", "2702": "plaza", "2703": "midst", "2704": "footrace", "2705": "fences", "2706": "waking", "2707": "fingerpaints", "2708": "plant", "2709": "customer", "2710": "sites", "2711": "shoeshine", "2712": "cuddle", "2713": "collared", "2714": "help", "2715": "mirror", "2716": "waitress", "2717": "collapsable", "2718": "rollerblading", "2719": "flexible", "2720": "floppy", "2721": "emerald", "2722": "gate", "2723": "sweat", "2724": "stairway", "2725": "scoop", "2726": "wets", "2727": "dips", "2728": "dunked", "2729": "amid", "2730": "arc", "2731": "streaming", "2732": "frisbree", "2733": "beating", "2734": "own", "2735": "marching", "2736": "bangs", "2737": "whil", "2738": "bungee", "2739": "strapped", "2740": "nibbling", "2741": "palid", "2742": "youg", "2743": "yorkshire", "2744": "belaying", "2745": "rappelling", "2746": "propelling", "2747": "chested", "2748": "shoulderlength", "2749": "topless", "2750": "drenched", "2751": "ferris", "2752": "swampy", "2753": "algae", "2754": "bitten", "2755": "brickwall", "2756": "downhill", "2757": "curlyhaired", "2758": "fairgrounds", "2759": "farris", "2760": "amuseument", "2761": "characters", "2762": "convienance", "2763": "cartoon", "2764": "cutouts", "2765": "joint", "2766": "slurpees", "2767": "convienience", "2768": "pointed", "2769": "arrow", "2770": "convenience", "2771": "slushies", "2772": "filling", "2773": "soda", "2774": "contents", "2775": "highchair", "2776": "lower", "2777": "pudding", "2778": "fingers", "2779": "jello", "2780": "shepherds", "2781": "brothers", "2782": "embraces", "2783": "int", "2784": "gestures", "2785": "contemplates", "2786": "overhanging", "2787": "facial", "2788": "frustrated", "2789": "intently", "2790": "billboards", "2791": "benches", "2792": "leaned", "2793": "nearly", "2794": "trashcan", "2795": "smokes", "2796": "silohuetted", "2797": "reflecting", "2798": "playpen", "2799": "cave", "2800": "snowing", "2801": "stripe", "2802": "crawls", "2803": "walkers", "2804": "powerlines", "2805": "stalks", "2806": "humping", "2807": "lingers", "2808": "cushion", "2809": "doghouse", "2810": "bedroll", "2811": "youn", "2812": "horseshoe", "2813": "squirts", "2814": "shoot", "2815": "dolly", "2816": "bleak", "2817": "herding", "2818": "sheepdog", "2819": "rounding", "2820": "wolflike", "2821": "herds", "2822": "farm", "2823": "bundledup", "2824": "footprints", "2825": "snowpants", "2826": "tentatively", "2827": "bundled", "2828": "choppy", "2829": "re", "2830": "laid", "2831": "chutes", "2832": "volleyball", "2833": "dalmatian", "2834": "breed", "2835": "labs", "2836": "paneling", "2837": "picks", "2838": "pigtails", "2839": "ypoung", "2840": "kind", "2841": "hippies", "2842": "woven", "2843": "stack", "2844": "products", "2845": "sell", "2846": "laden", "2847": "forward", "2848": "canoeing", "2849": "kayer", "2850": "sinks", "2851": "kayakers", "2852": "jacked", "2853": "widebrimmed", "2854": "selling", "2855": "mastif", "2856": "attraction", "2857": "guide", "2858": "bounced", "2859": "costumed", "2860": "cruisship", "2861": "assorted", "2862": "type", "2863": "yarn", "2864": "braiding", "2865": "yarnlike", "2866": "sillhouetted", "2867": "abseiling", "2868": "handinhand", "2869": "wedgie", "2870": "sailboats", "2871": "sails", "2872": "snapping", "2873": "tops", "2874": "rails", "2875": "livestock", "2876": "gaurd", "2877": "plane", "2878": "paints", "2879": "attampts", "2880": "silly", "2881": "radio", "2882": "flyer", "2883": "glassy", "2884": "marathon", "2885": "competing", "2886": "sprint", "2887": "athletic", "2888": "bras", "2889": "outfield", "2890": "ballplayer", "2891": "stadium", "2892": "sniffed", "2893": "smelled", "2894": "butt", "2895": "crocs", "2896": "croc", "2897": "healthy", "2898": "focus", "2899": "driveway", "2900": "poured", "2901": "lab", "2902": "labrador", "2903": "faucet", "2904": "threw", "2905": "extremely", "2906": "wellkept", "2907": "groomed", "2908": "whitefooted", "2909": "french", "2910": "fries", "2911": "polkadotted", "2912": "scratches", "2913": "rod", "2914": "fisher", "2915": "my", "2916": "best", "2917": "buddy", "2918": "hook", "2919": "waterproof", "2920": "jumpsuit", "2921": "hooking", "2922": "pastures", "2923": "rockclimbing", "2924": "rockclimbs", "2925": "decortive", "2926": "buggy", "2927": "longbearded", "2928": "skins", "2929": "similarly", "2930": "hotpink", "2931": "swimmies", "2932": "armbands", "2933": "slouched", "2934": "withdrawing", "2935": "brwon", "2936": "grasps", "2937": "somersault", "2938": "tossing", "2939": "mountainous", "2940": "conversing", "2941": "couples", "2942": "waterline", "2943": "liquid", "2944": "cresting", "2945": "sneakers", "2946": "highway", "2947": "creamy", "2948": "substance", "2949": "slab", "2950": "encripted", "2951": "snowpacked", "2952": "really", "2953": "nest", "2954": "astride", "2955": "navigates", "2956": "shaky", "2957": "slat", "2958": "link", "2959": "driftrood", "2960": "rickety", "2961": "rays", "2962": "blazing", "2963": "dancefloor", "2964": "ballet", "2965": "studio", "2966": "consumer", "2967": "infant", "2968": "placing", "2969": "not", "2970": "bodysurfs", "2971": "cheeks", "2972": "ever", "2973": "since", "2974": "started", "2975": "motorboat", "2976": "located", "2977": "scenery", "2978": "elevator", "2979": "ethnic", "2980": "keffiyahs", "2981": "arab", "2982": "suv", "2983": "coverings", "2984": "exotic", "2985": "dumping", "2986": "calico", "2987": "raising", "2988": "swatting", "2989": "records", "2990": "camcorder", "2991": "son", "2992": "containig", "2993": "driven", "2994": "rainstorm", "2995": "draw", "2996": "casino", "2997": "breezeway", "2998": "desk", "2999": "cocker", "3000": "spaniels", "3001": "weight", "3002": "popping", "3003": "majestically", "3004": "upon", "3005": "scrolled", "3006": "writes", "3007": "patterns", "3008": "pad", "3009": "assist", "3010": "handles", "3011": "practices"}